Model,Prompt,Tier,Avg_Latency_s,Avg_Tokens_per_s,Avg_CPU_%,Avg_RAM_%,Avg_Temp_C,Accuracy_%,Performance_Score,family,Family,Accuracy_%_norm,Performance_Score_norm,Avg_Tokens_per_s_norm,Avg_Latency_s_norm,Avg_RAM_%_norm,Composite_Score,Rank_in_Family
deepseek-r1:8b,Create a function that sorts a list of dictionaries by a key named 'score'.,coding,0.7161667346954346,23.360075950757807,1.8,22.2,59.76730361114557,94.281789562557,303.2953259527137,deepseek,deepseek,0.9809656810068258,0.05390997475851224,0.7705069271639473,0.4103468023820541,0.8799999999999997,0.6091699841430815,1.0
gemma3:270m,Who wrote the novel '1984' and what are its central themes?,factual,0.0220875740051269,24.45058665699551,6.9,23.1,61.56271761532021,72.00939406927527,5487.083347364414,gemma,gemma,0.3412904903175047,1.0,0.8081990936703423,0.9988414786621637,0.5199999999999989,0.6836302080437695,1.0
llama3.2:3b,A train leaves City A at 9 AM at 60 km/h and another from City B at 10 AM at 90 ,reasoning,0.2025716304779052,19.851444138606745,3.95,22.25,60.24561574656322,89.17877331981498,832.8145354710391,llama,llama,0.8344043068990725,0.15055220631384797,0.6492353672271433,0.8458129591456982,0.8599999999999994,0.6038939856524247,1.0
qwen3:4b,Analyze the trade-offs between model size and inference latency on edge devices.,tier_2_reasoning,0.0542237758636474,20.63423103018354,2.5,21.9,57.88413953443701,80.66364074927282,2591.613738952306,qwen,qwen,0.5898451146716615,0.4715495881402653,0.6762914370919948,0.9715938896540265,1.0,0.6260060268399461,1.0
smollm2:1.7b,Describe a peaceful morning scene in a small village.,general,0.0890262126922607,22.67707416909624,2.7,22.2,57.009204571073965,94.73711534033252,2169.486778026448,smollm,smollm,0.9940428825055232,0.39450745110305346,0.7468998073701681,0.9420856578050195,0.8799999999999997,0.7662129252191525,1.0
